original_query,step1_query,step2_query,full_query,r1_abl_query,r2_abl_query,r3_abl_query
How did paul die from fast in the fouris,How did Paul die from Fast and Furious?,How did Paul die from Fast and Furious?,How did Paul die from Fast and Furious for kids,How did Paul die from Fast and Furious?,How did Paul die from hunger in the fouris?,How did paul die from fast in the fouris for kids
Fire belly toad,Fire belly toad,Fire belly toad,Fire belly toad for kids,Fire belly toad,Fire belly toad,Fire belly toad for kids
Now im stressed out,Now I'm stressed out,Now I'm worried.,Now I'm worried for kids,Now I'm stressed out,Now im worried,Now im stressed out for kids
fast in the fouris,Fast in the forest,Fast in the forest,Fast in the forest for kids,Fast in the forest,fast in the forests,fast in the fouris for kids
How many phones sell in a day,How many phones are sold in a day?,How many phones are sold in a day?,How many phones are sold in a day for kids?,How many phones are sold in a day?,How many phones are sold in a day,How many phones sell in a day for kids
How long do toads live,How long do toads live,How long do toads live,How long do toads live for kids,How long do toads live,How long do toads live,How long do toads live for kids
amozan,Amazon,Amazon,Amazon for kids,Amazon,amozan,amozan for kids
Fast and the ferious,Fast and the Furious,Fast and the Furious,Fast and the Furious for kids,Fast and the Furious,Fast and the Furious,Fast and the ferious for kids
Dominic's early life in fast an ferious,Dominic's early life in Fast and Furious,Dominic's younger days in Fast and Furious,Dominic's younger days in Fast and Furious for kids,Dominic's early life in Fast and Furious,Dominic's childhood in fast an ferious,Dominic's early life in fast an ferious for kids
what is a cheeta,What is a cheetah?,What is a cheetah?,What is a cheetah for kids,What is a cheetah?,what is a cheeta,what is a cheeta for kids
The song at the end of the fast and ferious 7 movie,The song at the end of the Fast and Furious 7 movie,The song at the end of the Fast and Furious 7 movie,The song at the end of the Fast and Furious 7 movie for kids,The song at the end of the Fast and Furious 7 movie,The song at the end of the fast and ferious 7 movie,The song at the end of the fast and ferious 7 movie for kids
The Fast and ferious 7 movie,The Fast and Furious 7 movie,The Fast and Furious 7 movie,The Fast and Furious 7 movie for kids,The Fast and Furious 7 movie,The Fast and ferious 7 movie,The Fast and ferious 7 movie for kids
When is the Fast and ferious 9 coming in theaters,When is the Fast and Furious 9 coming out in theaters?,When is the Fast and Furious 9 coming out in movie theaters?,When is the Fast and Furious 9 coming out in movie theaters for kids?,When is the Fast and Furious 9 coming out in theaters?,When is the Fast and ferious 9 coming in theaters,When is the Fast and ferious 9 coming in theaters for kids
hew was the 2nd president,Who was the 2nd president?,Who was the 2nd president?,Who was the 2nd president for kids?,Who was the 2nd president?,who was the 2nd president,hew was the 2nd president for kids
movies for to day at the edwads movie theater,Movies for today at the Edwards movie theater,Movies for today at the Edwards movie theater,Movies for today at the Edwards movie theater for kids,Movies for today at the Edwards movie theater,movies for today at the Edwads movie theater,movies for to day at the edwads movie theater for kids
Who is the voice of rupnnzel,Who is the voice of Rapunzel?,Who is the voice of Rapunzel?,Who is the voice of Rapunzel for kids?,Who is the voice of Rapunzel?,Who is the voice of rupnnzel,Who is the voice of rupnnzel for kids
tortoises,tortoises,tortoises,tortoises for kids,tortoises,tortoises,tortoises for kids
Hey I just met you,"Hey, I just met you.","Hey, I just met you.","Hey, I just met you for kids","Hey, I just met you.",Hey I just met you,Hey I just met you for kids
Jurassic world,Jurassic World,Jurassic World,Jurassic World for kids,Jurassic World,Jurassic World,Jurassic world for kids
How many langenges was Jurassic world made in,How many languages were Jurassic World made in?,How many languages was Jurassic World made in?,How many languages was Jurassic World made in for kids?,How many languages were Jurassic World made in?,How many languages was Jurassic World made in,How many languages was Jurassic world made in for kids
TTM,TTM,the last 12 months,the last 12 months for kids,TTM,the last 12 months,TTM for kids
Google classroom,Google Classroom,Google Classroom,Google Classroom for kids,Google Classroom,Google classroom,Google classroom for kids
23rd president,23rd president,23rd president,23rd president for kids,23rd president,23rd president,23rd president for kids
cute girls hairstyles,Cute girls' hairstyles,Cute girls' hairdos,Cute girls' hairdos for kids,Cute girls' hairstyles,cute girls hairstyles,cute girls hairstyles for kids
pintrest,Pinterest,Pinterest,Pinterest for kids,Pinterest,pintrest,pintrest for kids
Fantastic hair doos,Fantastic hairdos,Great hairstyles,Great hairstyles for kids,Fantastic hairdos,Great hair doos,Fantastic hair doos for kids
Character from monster high,Character from Monster High,Character from Monster High,Character from Monster High for kids,Character from Monster High,Character from monster high,Character from monster high for kids
example of a leamer,Example of a learner,Example of a student,Example of a student for kids,Example of a learner,example of a learner,example of a leamer for kids
taler swift,Taylor Swift,Taylor Swift,Taylor Swift for kids,Taylor Swift,taler swift,taler swift for kids
monster high move boo york boo york,Monster High movie Boo York Boo York,Monster High movie Boo York Boo York,Monster High movie Boo York Boo York for kids,Monster High movie Boo York Boo York,monster high movie boo york boo york,monster high move boo york boo york for kids
why does the poler bear have white fur,Why does the polar bear have white fur?,Why does the polar bear have white fur?,Why does the polar bear have white fur for kids?,Why does the polar bear have white fur?,Why does the polar bear have white fur,why does the poler bear have white fur for kids
Whoh played Ioin hide from transformers,Who played Ironhide from Transformers?,Who played Ironhide from Transformers?,Who played Ironhide from Transformers for kids,Who played Ironhide from Transformers?,Who played Ironhide from Transformers?,Who played Ironhide from Transformers for kids
how the chetta has spots,How does the cheetah have spots?,How does the cheetah have spots?,How does the cheetah have spots for kids?,How does the cheetah have spots?,how the chetta has spots,how the chetta has spots for kids
florider,Florida,Florida,Florida for kids,Florida,Florida,florider for kids
tranksformers moviey,Transformers movie,Transformers movie,Transformers movie for kids,Transformers movie,tranksformers moviey,tranksformers moviey for kids
When is the new ghost busters comeing out,When is the new Ghostbusters coming out?,When does the new Ghostbusters play?,When does the new Ghostbusters play for kids?,When is the new Ghostbusters coming out?,When will the new Ghostbusters be out,When is the new ghost busters comeing out for kids
spelling lity,Spelling list,Spelling list,Spelling list for kids,Spelling list,spelling lity,spelling lity for kids
cool math,Cool math,Fun math,Fun math for kids,Cool math,Fun math,cool math for kids
armer games,Armor games,Armor games,Armor games for kids,Armor games,armer games,armer games for kids
who plays esan in the movie,Who plays Esan in the movie?,Who plays Esan in the movie?,Who plays Esan in the movie for kids,Who plays Esan in the movie?,who plays esan in the movie,who plays esan in the movie for kids
is sloth the laziest animal,Is the sloth the laziest animal?,Is the sloth the laziest animal?,Is the sloth the laziest animal for kids?,Is the sloth the laziest animal?,Is a sloth the most lazy animal,is sloth the laziest animal for kids
selelena gomez songs,Selena Gomez songs,Selena Gomez songs,Selena Gomez songs for kids,Selena Gomez songs,selena gomez songs,selelena gomez songs for kids
frozen full movie online,Frozen full movie online,Frozen full movie online,Frozen full movie online for kids,Frozen full movie online,frozen full movie online,frozen full movie online for kids
when is Selena gomez new songs are coming out,When are Selena Gomez's new songs coming out?,When are Selena Gomez's new songs coming out?,When are Selena Gomez's new songs coming out for kids?,When are Selena Gomez's new songs coming out?,When are Selena Gomez's new songs coming out,when is Selena gomez new songs are coming out for kids
google classroom,Google Classroom,Google Classroom,Google Classroom for kids,Google Classroom,google classroom,google classroom for kids
How does black and whitee cats look like,What do black and white cats look like?,What do black and white cats look like?,What do black and white cats look like for kids?,What do black and white cats look like?,How do black and white cats look?,How does black and white cats look like for kids
Who palyed kyioren,Who played Kyioren,Who played Kyioren,Who played Kyioren for kids,Who played Kyioren,Who played kyioren,Who palyed kyioren for kids
Why do spiders have venom,Why do spiders have venom,Why do spiders have poison,Why do spiders have poison for kids,Why do spiders have venom,Why do spiders have poison,Why do spiders have venom for kids
star wars episode 7,Star Wars Episode 7,Star Wars Episode 7,Star Wars Episode 7 for kids,Star Wars Episode 7,star wars episode 7,star wars episode 7 for kids
When is the new finding nemo movie comieng out,When is the new Finding Nemo movie coming out,When is the new Finding Nemo movie coming out,When is the new Finding Nemo movie coming out for kids,When is the new Finding Nemo movie coming out,When is the new finding nemo movie coming out,When is the new finding nemo movie comieng out for kids
Presedians,Presidents,Presidents,Presidents for kids,Presidents,Presedians,Presedians for kids
movies,movies,movies,movies for kids,movies,movies,movies for kids
shows,shows,shows,shows for kids,shows,shows,shows for kids
Highschool musical 2,High School Musical 2,High School Musical 2,High School Musical 2 for kids,High School Musical 2,Highschool musical 2,Highschool musical 2 for kids
Who was the actor for troy in highschool musical?,Who was the actor for Troy in High School Musical?,Who was the actor for Troy in High School Musical?,Who was the actor for Troy in High School Musical? for kids,Who was the actor for Troy in High School Musical?,Who played Troy in High School Musical?,Who was the actor for troy in highschool musical for kids?
how long have lions been extirced,How long have lions been extinct?,How long have lions been gone?,How long have lions been gone for kids,How long have lions been extinct?,how long have lions been extinct,how long have lions been extirced for kids
what song has these words in it,What song has these words in it?,What song has these words in it?,What song has these words in it? for kids,What song has these words in it?,what song has these words in it,what song has these words in it for kids
Highschool musical,High School musical,High School musical,High School musical for kids,High School musical,Highschool musical,Highschool musical for kids
how many miles is it to the moon?,How many miles is it to the moon?,How many miles is it to the moon?,How many miles is it to the moon for kids?,How many miles is it to the moon?,how many miles is it to the moon?,how many miles is it to the moon for kids
weather,weather,weather,weather for kids,weather,weather,weather for kids
facrs,facts,facts,facts for kids,facts,facrs,facrs for kids
The actor of oh from home,Who voices Oh in Home?,Who voices Oh in Home?,Who voices Oh in Home? for kids,Who voices Oh in Home?,The actor of oh from home,The actor of oh from home for kids
Facts about pigs,Facts about pigs,Facts about pigs,Facts about pigs for kids,Facts about pigs,Facts about pigs,Facts about pigs for kids
whatsthatsong.net,whatsthatsong.net,whatsthatsong.net,whatsthatsong.net for kids,whatsthatsong.net,whatsthatsong.net,whatsthatsong.net for kids
Jurrasic wortl,Jurassic World,Jurassic World,Jurassic World for kids,Jurassic World,Jurassic World,Jurrasic wortl for kids
When is Pokemon sun and moon coming out,When is Pokémon Sun and Moon coming out,When is Pokémon Sun and Moon coming out,When is Pokémon Sun and Moon coming out for kids,When is Pokémon Sun and Moon coming out,When is Pokemon sun and moon coming out,When is Pokemon sun and moon coming out for kids
Google docs,Google Docs,Google Docs,Google Docs for kids,Google Docs,Google docs,Google docs for kids
images for project,Images for project,Pictures for project,Pictures for project for kids,Images for project,pictures for project,images for project for kids
games,games,games,games for kids,games,games,games for kids
images for fun,Images for fun,Pictures for fun,Pictures for fun for kids,Images for fun,pictures for fun,images for fun for kids
Who plays baymax?,Who plays Baymax?,Who plays Baymax?,Who plays Baymax for kids?,Who plays Baymax?,Who plays baymax?,Who plays baymax for kids?
What is a bear?,What is a bear?,What is a bear?,What is a bear for kids?,What is a bear?,What is a bear?,What is a bear for kids?
Who is the name of a Macdre song?,What is the name of a Macdre song?,What is the name of a Macdre song?,What is the name of a Macdre song for kids,What is the name of a Macdre song?,Who is the name of a Macdre song?,Who is the name of a Macdre song for kids?
Draft Day movie,Draft Day movie,Draft Day movie,Draft Day movie for kids,Draft Day movie,Draft Day movie,Draft Day movie for kids
oldest person ever,Oldest person ever,Oldest person ever,Oldest person ever for kids,Oldest person ever,oldest person ever,oldest person ever for kids
websites for facts,Websites for facts,Websites for facts,Websites for facts for kids,Websites for facts,websites for facts,websites for facts for kids
images,images,pictures,pictures for kids,images,pictures,images for kids
Alrin and the chickmuelcs,Alrin and the chipmunks,Alrin and the chipmunks,Alrin and the chipmunks for kids,Alrin and the chipmunks,Alrin and the chickmuelcs,Alrin and the chickmuelcs for kids
Why do flamingo get there feey on to other,Why do flamingos get their feet onto others?,Why do flamingos step on other flamingos?,Why do flamingos step on other flamingos for kids,Why do flamingos get their feet onto others?,Why do flamingos put their feet on others?,Why do flamingos stand on one foot for kids
Songs buy Charlie Puth,Songs by Charlie Puth,Songs by Charlie Puth,Songs by Charlie Puth for kids,Songs by Charlie Puth,Songs buy Charlie Puth,Songs buy Charlie Puth for kids
titanic full movie,Titanic full movie,Titanic full movie,Titanic full movie for kids,Titanic full movie,titanic full movie,titanic full movie for kids
how many four movies are there,How many Four movies are there?,How many Four movies are there?,How many Four movies are there for kids?,How many Four movies are there?,how many four movies are there,how many four movies are there for kids
i skarch of word work,Search for word work.,Find word work.,Find word work for kids,Search for word work.,I need word work,I search for word work for kids
Who plays Harry Potter,Who plays Harry Potter,Who plays Harry Potter,Who plays Harry Potter for kids,Who plays Harry Potter,Who plays Harry Potter,Who plays Harry Potter for kids
fact on tigers,What is a fact about tigers?,What is a truth about tigers?,What is a truth about tigers for kids?,What is a fact about tigers?,fact on tigers,fact on tigers for kids
Songs by talor swift,Songs by Taylor Swift,Songs by Taylor Swift,Songs by Taylor Swift for kids,Songs by Taylor Swift,Songs by talor swift,Songs by talor swift for kids
Harry potter sward in the stone,Harry Potter sword in the stone,Harry Potter sword in the stone,Harry Potter sword in the stone for kids,Harry Potter sword in the stone,Harry Potter sword in the stone,Harry potter sward in the stone for kids
Who is the 30th president of the usa,Who is the 30th president of the USA?,Who is the 30th president of the USA?,Who is the 30th president of the USA? for kids,Who is the 30th president of the USA?,Who is the 30th president of the USA,Who is the 30th president of the usa for kids
weather,weather,weather,weather for kids,weather,weather,weather for kids
games,games,games,games for kids,games,games,games for kids
who was the huray in the moive the Larax?,Who was the Once-ler in the movie The Lorax?,Who was the Once-ler in the movie The Lorax?,Who was the Once-ler in the movie The Lorax? for kids,Who was the Once-ler in the movie The Lorax?,who was the hero in the movie The Lorax?,who was the huray in the moive the Larax? for kids
Facts about dogs,Facts about dogs,Facts about dogs,Facts about dogs for kids,Facts about dogs,Facts about dogs,Facts about dogs for kids
why is the sun hot,Why is the sun hot?,Why is the sun hot?,Why is the sun hot for kids?,Why is the sun hot?,why is the sun hot,why is the sun hot for kids
Fast and the furiouse cast,Fast and the Furious cast,Fast and the Furious actors,Fast and the Furious actors for kids,Fast and the Furious cast,Fast and the furiouse actors,Fast and the furiouse cast for kids
monkeys,monkeys,monkeys,monkeys for kids,monkeys,monkeys,monkeys for kids
Deathly Hallows part 2,Deathly Hallows Part 2,Deathly Hallows Part 2,Deathly Hallows Part 2 for kids,Deathly Hallows Part 2,Deathly Hallows part 2,Deathly Hallows part 2 for kids
new finding nemo movie,new Finding Nemo movie,new Finding Nemo movie,new Finding Nemo movie for kids,new Finding Nemo movie,new finding nemo movie,new finding nemo movie for kids
give me information about a giraf,Information about a giraffe,Information about a giraffe,Information about a giraffe for kids,Information about a giraffe,Tell me about a giraffe,give me information about a giraf for kids
finding nemo movie,Finding Nemo movie,Finding Nemo movie,Finding Nemo movie for kids,Finding Nemo movie,finding nemo movie,finding nemo movie for kids
how do scintest know all of this knoledg,How do scientists know all of this knowledge?,How do scientists know all these things?,How do scientists know all these things for kids?,How do scientists know all of this knowledge?,how do scientists know all of this knowledge,how do scintest know all of this knoledg for kids
youtube videos,YouTube videos,YouTube videos,YouTube videos for kids,YouTube videos,youtube videos,youtube videos for kids
math problems,Math problems,Math problems,Math problems for kids,Math problems,math problems,math problems for kids
from superman,from Superman,from Superman,from Superman for kids,from Superman,from superman,from superman for kids
facts about tigers,facts about tigers,facts about tigers,facts about tigers for kids,facts about tigers,facts about tigers,facts about tigers for kids
new maclelamore song,new Macklemore song,new Macklemore song,new Macklemore song for kids,new Macklemore song,new maclelamore song,new maclelamore song for kids
Superman movie,Superman movie,Superman movie,Superman movie for kids,Superman movie,Superman movie,Superman movie for kids
how do seahorces swim,How do seahorses swim,How do seahorses swim,How do seahorses swim for kids,How do seahorses swim,how do seahorces swim,how do seahorces swim for kids
basketball cards,basketball cards,basketball cards,basketball cards for kids,basketball cards,basketball cards,basketball cards for kids
lighting rods,Lightning rods,Lightning rods,Lightning rods for kids,Lightning rods,lighting rods,lighting rods for kids
Actor of Hulk in Avengers,Hulk actor in Avengers,Hulk actor in Avengers,Hulk actor in Avengers for kids,Hulk actor in Avengers,Actor of Hulk in Avengers,Actor of Hulk in Avengers for kids
Info on foxes,Info on foxes,Info on foxes,Info on foxes for kids,Info on foxes,Info on foxes,Info on foxes for kids
G-Fazzy newst song,G-Fazzy newest song,G-Fazzy newest song,G-Fazzy newest song for kids,G-Fazzy newest song,G-Fazzy newest song,G-Fazzy newst song for kids
Avengers movie,Avengers movie,Avengers movie,Avengers movie for kids,Avengers movie,Avengers movie,Avengers movie for kids
Date of Jonh F Kennady's death,Date of John F. Kennedy's death,Date of John F. Kennedy's death,Date of John F. Kennedy's death for kids,Date of John F. Kennedy's death,Date of Jonh F Kennady's death,Date of Jonh F Kennady's death for kids
TTM,TTM,the last 12 months,the last 12 months for kids,TTM,the last 12 months,TTM for kids
youtube,YouTube,YouTube,YouTube for kids,YouTube,youtube,youtube for kids
How is b-b-8 so real?,How is BB-8 so real?,How is BB-8 so real?,How is BB-8 so real for kids?,How is BB-8 so real?,How is b-b-8 so real?,How is b-b-8 so real for kids?
Wgat is so important about tigers,What is so important about tigers,What is special about tigers,What is special about tigers for kids,What is so important about tigers,What is special about tigers,What is so important about tigers for kids
What is the weeknds most famous song,What is The Weeknd's most famous song?,What is The Weeknd's most famous song?,What is The Weeknd's most famous song for kids?,What is The Weeknd's most famous song?,What is The Weeknd's most famous song,What is the weeknds most famous song for kids
The new starwars,The new Star Wars,The new Star Wars,The new Star Wars for kids,The new Star Wars,The new starwars,The new starwars for kids
When is the new ghost busters coming out,When is the new Ghostbusters coming out?,When does the new Ghostbusters play?,When does the new Ghostbusters play for kids?,When is the new Ghostbusters coming out?,When is the new ghost busters coming out,When is the new ghost busters coming out for kids
Parts of speech,Parts of speech,Word types,Word types for kids,Parts of speech,Word types,Parts of speech for kids
funny dog pictures,funny dog pictures,funny dog pictures,funny dog pictures for kids,funny dog pictures,funny dog pictures,funny dog pictures for kids
Who played sander in The Walking Dead,Who played Siddiq in The Walking Dead?,Who played Siddiq in The Walking Dead?,Who played Siddiq in The Walking Dead for kids?,Who played Siddiq in The Walking Dead?,Who played sander in The Walking Dead,Who played sander in The Walking Dead for kids
How long can a Draffs neck,How long is a giraffe's neck?,How long is a giraffe's neck?,How long is a giraffe's neck for kids,How long is a giraffe's neck?,How long can a giraffe's neck,How long can a Draffs neck for kids
I'm going home,I'm going home,I'm going home,I'm going home for kids,I'm going home,I'm going home,I'm going home for kids
The walking dead,The walking dead,The walking dead,The walking dead for kids,The walking dead,The walking dead,The walking dead for kids
when is the next season of stanly supperre humans,When is the next season of Stanley Super Humans?,When is the next season of Stanley Super Humans?,When is the next season of Stanley Super Humans for kids?,When is the next season of Stanley Super Humans?,when is the next season of stanly supperre humans,when is the next season of stanly supperre humans for kids
youtube,YouTube,YouTube,YouTube for kids,YouTube,youtube,youtube for kids
String explosin,String explosion,String burst,String burst for kids,String explosion,String burst,String explosin for kids
How did Anabell flote,How did Anabell float,How did Anabell float,How did Anabell float for kids,How did Anabell float,How did Anabell float,How did Anabell flote for kids
Why are poler Bear white,Why are polar bears white?,Why are polar bears white?,Why are polar bears white for kids?,Why are polar bears white?,Why are polar bears white?,Why are poler Bear white for kids
When I'm your go to miss me,"When I go, you will miss me.","When I go, you will miss me.","When I go, you will miss me for kids.","When I go, you will miss me.","When I'm your favorite, miss me.",When I'm your go to miss me for kids
Anabell,Annabelle,Annabelle,Annabelle for kids,Annabelle,Anabell,Anabell for kids
When is season 5 Vingis comeing out,When is season 5 Vingis coming out,When is season 5 Vingis coming out,When is season 5 Vingis coming out for kids,When is season 5 Vingis coming out,When does season 5 Vingis start?,When is season 5 Vingis coming out for kids
YouTub,YouTube,YouTube,YouTube for kids,YouTube,YouTub,YouTub for kids
I like Insidous 1 2 and 3,"Insidious 1, 2, and 3","Insidious 1, 2, and 3","Insidious 1, 2, and 3 for kids","Insidious 1, 2, and 3",I like Insidious 1 2 and 3,I like Insidous 1 2 and 3 for kids
What was Lucy (from chronicels of Narnia) age,How old was Lucy from Chronicles of Narnia?,How old was Lucy from Chronicles of Narnia?,How old was Lucy from Chronicles of Narnia? for kids,How old was Lucy from Chronicles of Narnia?,How old was Lucy (from chronicels of Narnia)?,What was Lucy (from chronicels of Narnia) age for kids
Why do dogs wag their tail,Why do dogs wag their tail?,Why do dogs wag their tail?,Why do dogs wag their tail for kids?,Why do dogs wag their tail?,Why do dogs wag their tail,Why do dogs wag their tail for kids
Whats the song I cut my hangs with some rusty kitchen sissors,What song says 'I cut my hands with rusty kitchen scissors'?,What song says 'I cut my hands with rusty kitchen scissors'?,What song says 'I cut my hands with rusty kitchen scissors'? for kids,What song says 'I cut my hands with rusty kitchen scissors'?,What's the song I cut my hands with some rusty kitchen scissors?,What is the song about kitchen scissors for kids?
What the name of the movie based on a C.S Lewis book?,What is the name of the movie based on a C.S. Lewis book?,What is the name of the movie based on a C.S. Lewis book?,What is the name of the movie based on a C.S. Lewis book for kids?,What is the name of the movie based on a C.S. Lewis book?,What is the name of the movie based on a C.S Lewis book?,What the name of the movie based on a C.S Lewis book for kids?
Is there a place in Africa named Kimberly,Is there a place in Africa named Kimberly,Is there a place in Africa named Kimberly,Is there a place in Africa named Kimberly for kids,Is there a place in Africa named Kimberly,Is there a place in Africa named Kimberly,Is there a place in Africa named Kimberly for kids
envirormental propums in missouri,environmental problems in Missouri,Nature issues in Missouri,Nature issues in Missouri for kids,environmental problems in Missouri,Nature problems in Missouri,environmental problems in missouri for kids
When does the new m donlads goin to be buiolt,When is the new McDonald's going to be built?,When is the new McDonald's going to be built?,When is the new McDonald's going to be built for kids?,When is the new McDonald's going to be built?,When does the new McDonald's going to be built,When does the new m donlads goin to be buiolt for kids
Star Wars who plays Kylo ren,Who plays Kylo Ren in Star Wars?,Who plays Kylo Ren in Star Wars?,Who plays Kylo Ren in Star Wars for kids?,Who plays Kylo Ren in Star Wars?,Star Wars who plays Kylo Ren,Star Wars who plays Kylo ren for kids
Drake,Drake,Drake,Drake for kids,Drake,Drake,Drake for kids
When is star wars going to come out,When is Star Wars coming out?,When is Star Wars coming out?,When is Star Wars coming out for kids,When is Star Wars coming out?,When is star wars going to come out,When is star wars going to come out for kids
How old can chewbacca get,How old can Chewbacca get?,How old can Chewbacca get?,How old can Chewbacca get for kids?,How old can Chewbacca get?,How old can Chewbacca get,How old can chewbacca get for kids
How does a wolf catch its prey,How does a wolf catch its prey?,How does a wolf catch its food?,How does a wolf catch its food for kids,How does a wolf catch its prey?,How does a wolf catch its food?,How does a wolf catch its prey for kids
what is love,What is love?,What is love?,What is love for kids,What is love?,what is love,what is love for kids
Star Wars,Star Wars,Star Wars,Star Wars for kids,Star Wars,Star Wars,Star Wars for kids
When will be a full moon this year,When is the full moon this year?,When is the full moon this year?,When is the full moon this year for kids,When is the full moon this year?,When will be a full moon this year,When will be a full moon this year for kids
Caculator,Calculator,Calculator,Calculator for kids,Calculator,Calculator,Caculator for kids
Assassin's Creed,Assassin's Creed,Assassin's Creed,Assassin's Creed for kids,Assassin's Creed,Assassin's Creed,Assassin's Creed for kids
Who plays the good terminater in Terminater two,Who plays the good Terminator in Terminator 2?,Who plays the good Terminator in Terminator 2?,Who plays the good Terminator in Terminator 2 for kids?,Who plays the good Terminator in Terminator 2?,Who plays the good terminater in Terminater two,Who plays the good terminator in Terminator two for kids
Information about tigers,Information about tigers,Info about tigers,Info about tigers for kids,Information about tigers,Info about tigers,Information about tigers for kids
When is the new Finding Dory coming out,When is the new Finding Dory coming out,When is the new Finding Dory coming out,When is the new Finding Dory coming out for kids,When is the new Finding Dory coming out,When is the new Finding Dory coming out,When is the new Finding Dory coming out for kids
how old is Han Solo in the new star wars movie,How old is Han Solo in the new Star Wars movie?,How old is Han Solo in the new Star Wars movie?,How old is Han Solo in the new Star Wars movie for kids,How old is Han Solo in the new Star Wars movie?,How old is Han Solo in the new Star Wars movie,how old is Han Solo in the new star wars movie for kids
how many Star wars movies have Han solo in them?,How many Star Wars movies have Han Solo in them?,How many Star Wars movies have Han Solo in them?,How many Star Wars movies have Han Solo in them for kids?,How many Star Wars movies have Han Solo in them?,how many Star Wars movies have Han Solo in them?,how many Star wars movies have Han solo in them for kids
How many cheetahs are in the world?,How many cheetahs are in the world?,How many cheetahs are in the world?,How many cheetahs are in the world for kids?,How many cheetahs are in the world?,How many cheetahs are in the world?,How many cheetahs are in the world for kids?
"What son has ""clapalong if you feel"" in it?","What song has ""clapalong if you feel"" in it?","What song has ""clapalong if you feel"" in it?","What song has ""clapalong if you feel"" in it? for kids","What song has ""clapalong if you feel"" in it?","What song has ""clapalong if you feel"" in it?","What song has ""clapalong if you feel"" in it? for kids"
Order kungfu panda,Order Kung Fu Panda,Order Kung Fu Panda,Order Kung Fu Panda for kids,Order Kung Fu Panda,Order kungfu panda,Order kungfu panda for kids
How many Star Wars movies will be made?,How many Star Wars movies will be made?,How many Star Wars movies will be made?,How many Star Wars movies will be made for kids?,How many Star Wars movies will be made?,How many Star Wars movies will be made?,How many Star Wars movies will be made for kids?
How do they make the chewey voice starwars,How do they make Chewie's voice in Star Wars?,How do they make Chewie's voice in Star Wars?,How do they make Chewie's voice in Star Wars for kids?,How do they make Chewie's voice in Star Wars?,How do they make the chewey voice starwars,How do they make the chewey voice starwars for kids
monkey info,Monkey information,Monkey information,Monkey information for kids,Monkey information,Monkey facts,monkey info for kids
mincraft songs,Minecraft songs,Minecraft songs,Minecraft songs for kids,Minecraft songs,mincraft songs,mincraft songs for kids
star wars ep. 5,Star Wars Episode 5,Star Wars Episode 5,Star Wars Episode 5 for kids,Star Wars Episode 5,star wars episode 5,star wars ep. 5 for kids
How old is the wookie,How old is the Wookiee,How old is the Wookiee,How old is the Wookiee for kids,How old is the Wookiee,How old is the wookie,How old is the wookie for kids
mamoth facts,Mammoth facts,Mammoth facts,Mammoth facts for kids,Mammoth facts,mammoth facts,mamoth facts for kids
How old is TinkleBell,How old is Tinker Bell?,How old is Tinker Bell?,How old is Tinker Bell for kids,How old is Tinker Bell?,How old is TinkleBell,How old is TinkleBell for kids
What is the movie called with a Doll named Anebelle?,What is the movie called with a doll named Annabelle?,What is the movie called with a doll named Annabelle?,What is the movie called with a doll named Annabelle for kids?,What is the movie called with a doll named Annabelle?,What is the movie called with a Doll named Anebelle?,What is the movie called with a Doll named Anebelle? for kids
When is finding Dory coming out?,When is Finding Dory coming out?,When is Finding Dory coming out?,When is Finding Dory coming out for kids,When is Finding Dory coming out?,When is finding Dory coming out?,When is finding Dory coming out for kids?
How much are the Justin beiber tickets,How much are the Justin Bieber tickets,How much are the Justin Bieber tickets,How much are the Justin Bieber tickets for kids,How much are the Justin Bieber tickets,How much are the Justin beiber tickets,How much are the Justin beiber tickets for kids
Online calculator for math,Online calculator for math,Online calculator for math,Online calculator for math for kids,Online calculator for math,Online calculator for math,Online calculator for math for kids
What is the color of a leopard,What color is a leopard?,What color is a leopard?,What color is a leopard for kids?,What color is a leopard?,What is the color of a leopard,What is the color of a leopard for kids
Who's lukes mom?,Who's Luke's mom?,Who's Luke's mom?,Who's Luke's mom? for kids,Who's Luke's mom?,Who's lukes mom?,Who's lukes mom for kids
how old can dogs grow to be,how old can dogs grow to be,How long do dogs live,How long do dogs live for kids,how old can dogs grow to be,How long do dogs live,how old can dogs grow to be for kids
starwars episode the force returns,Star Wars The Force Awakens,Star Wars The Force Awakens,Star Wars The Force Awakens for kids,Star Wars The Force Awakens,starwars episode the force returns,starwars episode the force returns for kids
when does far cry primal come out for xbox360,When does Far Cry Primal come out for Xbox 360?,When does Far Cry Primal come out for Xbox 360?,When does Far Cry Primal come out for Xbox 360 for kids?,When does Far Cry Primal come out for Xbox 360?,when does far cry primal come out for xbox360,when does far cry primal come out for xbox360 for kids
How old DJ is in Fuller House,How old is DJ in Fuller House?,How old is DJ in Fuller House?,How old is DJ in Fuller House for kids?,How old is DJ in Fuller House?,How old DJ is in Fuller House,How old DJ is in Fuller House for kids
Why are Polar bears white,Why are polar bears white?,Why are polar bears white?,Why are polar bears white for kids?,Why are polar bears white?,Why are Polar bears white,Why are Polar bears white for kids
Anibelle,Anibelle,Anibelle,Anibelle for kids,Anibelle,Anibelle,Anibelle for kids
When will they make more episodes of Fuller House,When will they make more episodes of Fuller House,When will they make more episodes of Fuller House,When will they make more episodes of Fuller House for kids,When will they make more episodes of Fuller House,When will they make more episodes of Fuller House,When will they make more episodes of Fuller House for kids
youtube,YouTube,YouTube,YouTube for kids,YouTube,youtube,youtube for kids
Who plays Kylo Ren from StarWars?,Who plays Kylo Ren from Star Wars?,Who plays Kylo Ren from Star Wars?,Who plays Kylo Ren from Star Wars for kids?,Who plays Kylo Ren from Star Wars?,Who plays Kylo Ren from StarWars?,Who plays Kylo Ren from StarWars? for kids
What are coll fact about a horse?,What are cool facts about a horse?,What are fun facts about a horse?,What are fun facts about a horse for kids,What are cool facts about a horse?,What are interesting facts about a horse?,What are cool facts about a horse for kids
"What songs has a name with the lyrics of ""You use to call my on my self phone""","What songs have the lyrics ""You used to call me on my cellphone""?","What songs have the words ""You used to call me on my cellphone""?","What songs have the words ""You used to call me on my cellphone"" for kids?","What songs have the lyrics ""You used to call me on my cellphone""?",What songs have lyrics like 'You use to call my on my cell phone'?,"What songs has a name with the lyrics of ""You use to call my on my self phone"" for kids"
Star Wars Ep. 7,Star Wars Episode 7,Star Wars Episode 7,Star Wars Episode 7 for kids,Star Wars Episode 7,Star Wars Episode 7,Star Wars Ep. 7 for kids
How do Feathre's grow,How do feathers grow?,How do feathers grow?,How do feathers grow for kids,How do feathers grow?,How do feathers grow?,How do Feathre's grow for kids
How do lights work,How do lights work,How do lights work,How do lights work for kids,How do lights work,How do lights work,How do lights work for kids
Images of dragons,Images of dragons,Pictures of dragons,Pictures of dragons for kids,Images of dragons,Pictures of dragons,Images of dragons for kids
"Fast and Furiouse, how did paul Walker die",How did Paul Walker from Fast and Furious die?,How did Paul Walker from Fast and Furious die?,How did Paul Walker from Fast and Furious die for kids,How did Paul Walker from Fast and Furious die?,"Fast and Furiouse, how did paul Walker die","Fast and Furiouse, how did paul Walker die for kids"
Sloth,Sloth,Sloth,Sloth for kids,Sloth,Sloth,Sloth for kids
Fast and Furiouse,Fast and Furious,Fast and Furious,Fast and Furious for kids,Fast and Furious,Fast and Furiouse,Fast and Furiouse for kids
How old Star Wars is,How old is Star Wars?,How old is Star Wars?,How old is Star Wars for kids,How old is Star Wars?,How old Star Wars is,How old Star Wars is for kids
Star wars,Star Wars,Star Wars,Star Wars for kids,Star Wars,Star wars,Star wars for kids
How old is Johny enlgish?,How old is Johnny English?,How old is Johnny English?,How old is Johnny English for kids,How old is Johnny English?,How old is Johny enlgish?,How old is Johny enlgish for kids
facts on Sabertooth tigers,Sabertooth tiger facts,Sabertooth tiger facts,Sabertooth tiger facts for kids,Sabertooth tiger facts,facts on Sabertooth tigers,facts on Sabertooth tigers for kids
Johny english reborn movie,Johnny English Reborn movie,Johnny English Reborn movie,Johnny English Reborn movie for kids,Johnny English Reborn movie,Johny english reborn movie,Johny english reborn movie for kids
new movies 2016,New movies 2016,New movies 2016,New movies 2016 for kids,New movies 2016,new movies 2016,new movies 2016 for kids
games,games,games,games for kids,games,games,games for kids
how fast is flash,How fast is Flash?,How fast is Flash?,How fast is Flash for kids,How fast is Flash?,how fast is flash,how fast is flash for kids
why are grizzly Bares Brown,Why are grizzly bears brown?,Why are grizzly bears brown?,Why are grizzly bears brown for kids?,Why are grizzly bears brown?,why are grizzly bears brown,why are grizzly Bares Brown for kids
songs for 5th graders,Songs for 5th graders,Songs for 5th graders,Songs for 5th graders for kids,Songs for 5th graders,songs for 5th graders,songs for 5th graders for kids
Netflix,Netflix,Netflix,Netflix for kids,Netflix,Netflix,Netflix for kids
What do foxes eat,What do foxes eat,What do foxes eat,What do foxes eat for kids,What do foxes eat,What do foxes eat,What do foxes eat for kids
picts of dragons,Pictures of dragons,Pictures of dragons,Pictures of dragons for kids,Pictures of dragons,pics of dragons,picts of dragons for kids
The Incredibles,The Incredibles,The Incredibles,The Incredibles for kids,The Incredibles,The Incredibles,The Incredibles for kids
who voiced Mr.Incredible,Who voiced Mr. Incredible?,Who voiced Mr. Incredible?,Who voiced Mr. Incredible for kids?,Who voiced Mr. Incredible?,who played Mr.Incredible,who voiced Mr.Incredible for kids
how long are giraffes necks,How long are giraffe necks?,How long are giraffe necks?,How long are giraffe necks for kids,How long are giraffe necks?,how long are giraffes necks,how long are giraffes necks for kids
the Incredibles,The Incredibles,The Incredibles,The Incredibles for kids,The Incredibles,the Incredibles,the Incredibles for kids
facts about Ufos,facts about UFOs,facts about UFOs,facts about UFOs for kids,facts about UFOs,facts about Ufos,facts about Ufos for kids
five night at freddys,Five Nights at Freddy's,Five Nights at Freddy's,Five Nights at Freddy's for kids,Five Nights at Freddy's,five night at freddys,five night at freddys for kids
who played Gorden,Who played Gordon?,Who played Gordon?,Who played Gordon for kids?,Who played Gordon?,who played Gorden,who played Gorden for kids
facts about lizards,facts about lizards,facts about lizards,facts about lizards for kids,facts about lizards,facts about lizards,facts about lizards for kids
Who plays Kylo Ren in the new Star wars,Who plays Kylo Ren in the new Star Wars?,Who plays Kylo Ren in the new Star Wars?,Who plays Kylo Ren in the new Star Wars for kids?,Who plays Kylo Ren in the new Star Wars?,Who plays Kylo Ren in the new Star Wars,Who plays Kylo Ren in the new Star wars for kids
Facts about geckos,Facts about geckos,Facts about geckos,Facts about geckos for kids,Facts about geckos,Facts about geckos,Facts about geckos for kids
Star Wars the Force Awakens,Star Wars The Force Awakens,Star Wars The Force Awakens,Star Wars The Force Awakens for kids,Star Wars The Force Awakens,Star Wars the Force Awakens,Star Wars the Force Awakens for kids
When is the new Guardians of the Galaxy going to come out,When is the new Guardians of the Galaxy released?,When is the new Guardians of the Galaxy out?,When is the new Guardians of the Galaxy out for kids?,When is the new Guardians of the Galaxy released?,When will the new Guardians of the Galaxy come out,When is the new Guardians of the Galaxy going to come out for kids
Computer games,Computer games,Computer games,Computer games for kids,Computer games,Computer games,Computer games for kids
Sumdog Math games,Sumdog math games,Sumdog math games,Sumdog math games for kids,Sumdog math games,Sumdog Math games,Sumdog Math games for kids
Who plays the villain in Ant-man,Who plays the villain in Ant-Man?,Who plays the bad guy in Ant-Man?,Who plays the bad guy in Ant-Man for kids?,Who plays the villain in Ant-Man?,Who plays the bad guy in Ant-man,Who plays the villain in Ant-man for kids
How long is a lions Lifespan?,How long is a lion's lifespan?,How long does a lion live?,How long does a lion live for kids?,How long is a lion's lifespan?,How long do lions live?,How long is a lions Lifespan for kids
Ant-man movie,Ant-Man movie,Ant-Man movie,Ant-Man movie for kids,Ant-Man movie,Ant-man movie,Ant-man movie for kids
When is Batman v. Superman coming out?,When is Batman v. Superman coming out?,When is Batman v. Superman coming out?,When is Batman v. Superman coming out for kids,When is Batman v. Superman coming out?,When is Batman v. Superman coming out?,When is Batman v. Superman coming out for kids
Youtube,YouTube,YouTube,YouTube for kids,YouTube,Youtube,Youtube for kids
math games,math games,math games,math games for kids,math games,math games,math games for kids
How long can a polr bear swin under water?,How long can a polar bear swim under water?,How long can a polar bear swim under water?,How long can a polar bear swim under water for kids,How long can a polar bear swim under water?,How long can a polar bear swim under water?,How long can a polr bear swin under water for kids?
When will the movie Zootopia come out,When will the movie Zootopia come out,When will the movie Zootopia come out,When will the movie Zootopia come out for kids,When will the movie Zootopia come out,When will the movie Zootopia come out,When will the movie Zootopia come out for kids
Pointless website,Pointless website,Useless website,Useless website for kids,Pointless website,Useless website,Pointless website for kids
world war II pictures,World War II pictures,World War II pictures,World War II pictures for kids,World War II pictures,world war II pictures,world war II pictures for kids
Who plays the rabbit from the movie H.O.P.?,Who plays the rabbit from the movie Hop?,Who plays the rabbit from the movie Hop?,Who plays the rabbit from the movie Hop for kids,Who plays the rabbit from the movie Hop?,Who plays the rabbit from the movie H.O.P.?,Who plays the rabbit from the movie H.O.P. for kids
name of my Favourite movie,What is the name of my favourite movie?,What is the name of my favorite movie?,What is the name of my favorite movie for kids?,What is the name of my favourite movie?,name of my favorite movie,name of my Favourite movie for kids
When is the new movie Race about Jessie Owens coming out on DVD,When is the new movie Race about Jesse Owens coming out on DVD?,When is the new movie Race about Jesse Owens coming out on DVD?,When is the new movie Race about Jesse Owens coming out on DVD for kids?,When is the new movie Race about Jesse Owens coming out on DVD?,When is the new movie Race about Jessie Owens coming out on DVD,When is the new movie Race about Jessie Owens coming out on DVD for kids
staggering bautey (a game),Staggering Beauty (a game),Staggering Beauty (a game),Staggering Beauty (a game) for kids,Staggering Beauty (a game),amazing bautey (a game),staggering bautey (a game) for kids
Who plays in the new goose bumps?,Who plays in the new Goosebumps?,Who plays in the new Goosebumps?,Who plays in the new Goosebumps for kids?,Who plays in the new Goosebumps?,Who acts in the new Goosebumps?,Who plays in the new goose bumps for kids?
How fast can a Cheeta run?,How fast can a Cheetah run?,How fast can a Cheetah run?,How fast can a Cheetah run for kids,How fast can a Cheetah run?,How fast can a Cheeta run?,How fast can a Cheeta run for kids
What is the new son by son and son?,What is the new song by Son and Son?,What is the new song by Son and Son?,What is the new song by Son and Son for kids?,What is the new song by Son and Son?,What is the new son by son and son?,What is the new son by son and son for kids?
Fuller House Full episodes,Fuller House full episodes,Fuller House all shows,Fuller House all shows for kids,Fuller House full episodes,Fuller House Full episodes,Fuller House Full episodes for kids
When is Fuller House coming out?,When is Fuller House coming out?,When is Fuller House coming out?,When is Fuller House coming out for kids?,When is Fuller House coming out?,When is Fuller House coming out?,When is Fuller House coming out for kids?
How to multiply a fraction by a fraction?,How to multiply a fraction by a fraction?,How to multiply a fraction by a fraction?,How to multiply a fraction by a fraction for kids,How to multiply a fraction by a fraction?,How to multiply a fraction by a fraction?,How to multiply a fraction by a fraction for kids
Krois? How dose dame not die in the last part,How does Krois not die in the last part?,How does Krois not die in the last part?,How does Krois not die in the last part for kids?,How does Krois not die in the last part?,Krois? How does dame not die in the last part?,Krois? How dose dame not die in the last part for kids
"Snake, How dose the snake five the venom",How does a snake give venom?,How does a snake give poison?,How does a snake give poison for kids?,How does a snake give venom?,How do snakes give venom?,"Snake, How does the snake give the venom for kids"
The lirycs of the song,The lyrics of the song,The words of the song,The words of the song for kids,The lyrics of the song,The words of the song,The lirycs of the song for kids
the tittle of the movie,the title of the movie,the title of the movie,the title of the movie for kids,the title of the movie,the title of the movie,the tittle of the movie for kids
about April something,Something about April,Something about April,Something about April for kids,Something about April,about April something,about April something for kids
school games,School games,School games,School games for kids,School games,school games,school games for kids
cool cars,Cool cars,Cool cars,Cool cars for kids,Cool cars,cool cars,cool cars for kids
who plays as the man of steel,Who plays as the Man of Steel?,Who plays as the Man of Steel?,Who plays as the Man of Steel for kids?,Who plays as the Man of Steel?,who plays as the man of steel,who plays as the man of steel for kids
when will the new movie is coming out,When is the new movie coming out?,When is the new movie coming out?,When is the new movie coming out for kids?,When is the new movie coming out?,when will the new movie is coming out,when will the new movie is coming out for kids
my favourite movie,My favorite movie,My favorite movie,My favorite movie for kids,My favorite movie,my favorite movie,my favourite movie for kids
who sang a song called watch me whip nae,Who sang a song called Watch Me Whip Nae Nae,Who sang a song called Watch Me Whip Nae Nae,Who sang a song called Watch Me Whip Nae Nae for kids,Who sang a song called Watch Me Whip Nae Nae,who sang a song called watch me whip nae,who sang a song called watch me whip nae for kids
Batman vs superman,Batman vs Superman,Batman vs Superman,Batman vs Superman for kids,Batman vs Superman,Batman vs superman,Batman vs superman for kids
the minions movie,The Minions movie,The Minions movie,The Minions movie for kids,The Minions movie,the minions movie,the minions movie for kids
information of words,Word information,Word facts,Word facts for kids,Word information,About words,information of words for kids
sports and news,Sports and news,Sports and news,Sports and news for kids,Sports and news,sports and news,sports and news for kids
Who is the voice for Dory in Finding Nemo?,Who is the voice for Dory in Finding Nemo?,Who is the voice for Dory in Finding Nemo?,Who is the voice for Dory in Finding Nemo for kids?,Who is the voice for Dory in Finding Nemo?,Who is the voice for Dory in Finding Nemo?,Who is the voice for Dory in Finding Nemo for kids?
How long can a shark live for,How long can a shark live?,How long can a shark live?,How long can a shark live for kids,How long can a shark live?,How long can a shark live for,How long can a shark live for for kids
Mama ohohoh song,Mama ohohoh song,Mama ohohoh song,Mama ohohoh song for kids,Mama ohohoh song,Mama ohohoh song,Mama ohohoh song for kids
Starwars,Star Wars,Star Wars,Star Wars for kids,Star Wars,Starwars,Starwars for kids
When is the next StarWars movie coming out,When is the next Star Wars movie coming out,When is the next Star Wars movie coming out,When is the next Star Wars movie coming out for kids,When is the next Star Wars movie coming out,When is the next StarWars movie coming out,When is the next StarWars movie coming out for kids
MIG games,MiG games,MiG games,MiG games for kids,MiG games,MIG games,MIG games for kids
google docs,Google Docs,Google Docs,Google Docs for kids,Google Docs,google docs,google docs for kids
How old are the kids now in Stand By Me?,How old are the kids now in Stand By Me?,How old are the kids now in Stand By Me?,How old are the kids now in Stand By Me? for kids,How old are the kids now in Stand By Me?,How old are the kids now in Stand By Me?,How old are the kids now in Stand By Me? for kids
What sound does a girrafe make?,What sound does a giraffe make?,What sound does a giraffe make?,What sound does a giraffe make? for kids,What sound does a giraffe make?,What sound does a girrafe make?,What sound does a girrafe make for kids?
Hello it's me,Hello it's me,Hello it's me,Hello it's me for kids,Hello it's me,Hello it's me,Hello it's me for kids
movie Zootopia,Movie Zootopia,Movie Zootopia,Movie Zootopia for kids,Movie Zootopia,movie Zootopia,movie Zootopia for kids
How old is google?,How old is Google?,How old is Google?,How old is Google for kids?,How old is Google?,How old is google?,How old is google for kids
facts information,Facts and information,Facts and information,Facts and information for kids,Facts and information,facts details,facts information for kids
youtube,YouTube,YouTube,YouTube for kids,YouTube,youtube,youtube for kids
How old is Ray from StarWars?,How old is Rey from Star Wars?,How old is Rey from Star Wars?,How old is Rey from Star Wars for kids,How old is Rey from Star Wars?,How old is Ray from StarWars?,How old is Ray from StarWars for kids
How many breeds of Dogs are there?,How many breeds of dogs are there?,How many kinds of dogs are there?,How many kinds of dogs are there for kids?,How many breeds of dogs are there?,How many breeds of Dogs are there?,How many breeds of Dogs are there for kids
Songs by Adele,Songs by Adele,Songs by Adele,Songs by Adele for kids,Songs by Adele,Songs by Adele,Songs by Adele for kids
Spirited away,Spirited Away,Spirited Away,Spirited Away for kids,Spirited Away,Spirited away,Spirited away for kids
When is Zootopia coming out?,When is Zootopia coming out?,When is Zootopia coming out?,When is Zootopia coming out for kids,When is Zootopia coming out?,When is Zootopia coming out?,When is Zootopia coming out for kids
ideas for poems,ideas for poems,ideas for poems,ideas for poems for kids,ideas for poems,ideas for poems,ideas for poems for kids
games to play when you board,Games to play when you're bored,Games to play when you're bored,Games to play when you're bored for kids,Games to play when you're bored,games to play when bored,games to play when you board for kids
Billbow - Bagan in the Hobbit,Bilbo Baggins in The Hobbit,Bilbo Baggins in The Hobbit,Bilbo Baggins in The Hobbit for kids,Bilbo Baggins in The Hobbit,Billbow - Bagan in the Hobbit,Billbow - Bagan in the Hobbit for kids
A whole with a horn,A whole thing with a horn,Something with a horn,Something with a horn for kids,A whole thing with a horn,A thing with a horn,A whole with a horn for kids
What songs does Jeff play?,What songs does Jeff play?,What songs does Jeff play?,What songs does Jeff play for kids?,What songs does Jeff play?,What songs does Jeff play?,What songs does Jeff play for kids?
"What is the movie ""The Secret life of pets""","What is the movie ""The Secret Life of Pets""?","What is the movie ""The Secret Life of Pets""?","What is the movie ""The Secret Life of Pets""? for kids","What is the movie ""The Secret Life of Pets""?","What is the movie ""The Secret life of pets""","What is the movie ""The Secret life of pets"" for kids"
Who plays Nemo in finding Nemo?,Who plays Nemo in Finding Nemo?,Who plays Nemo in Finding Nemo?,Who plays Nemo in Finding Nemo for kids?,Who plays Nemo in Finding Nemo?,Who plays Nemo in finding Nemo?,Who plays Nemo in finding Nemo for kids?
How plays the Rafe on teenager mutan,How does Rafe act in Teenage Mutant Ninja Turtles?,How does Rafe act in Teenage Mutant Ninja Turtles?,How does Rafe act in Teenage Mutant Ninja Turtles for kids?,How does Rafe act in Teenage Mutant Ninja Turtles?,How does Rafe act as a mutant teen?,How plays the Rafe on teenager mutan for kids
Star wars,Star Wars,Star Wars,Star Wars for kids,Star Wars,Star wars,Star wars for kids
calculator,calculator,calculator,calculator for kids,calculator,calculator,calculator for kids
Who voices Mabel in Gravity Falls?,Who voices Mabel in Gravity Falls?,Who voices Mabel in Gravity Falls?,Who voices Mabel in Gravity Falls for kids?,Who voices Mabel in Gravity Falls?,Who voices Mabel in Gravity Falls?,Who voices Mabel in Gravity Falls for kids?
The Alpaca,The Alpaca,The Alpaca,The Alpaca for kids,The Alpaca,The Alpaca,The Alpaca for kids
Math games,Math games,Math games,Math games for kids,Math games,Math games,Math games for kids
Dan and Phil,Dan and Phil,Dan and Phil,Dan and Phil for kids,Dan and Phil,Dan and Phil,Dan and Phil for kids
Who plays Kylo Ren in the new Star wars movie?,Who plays Kylo Ren in the new Star Wars movie?,Who plays Kylo Ren in the new Star Wars movie?,Who plays Kylo Ren in the new Star Wars movie for kids?,Who plays Kylo Ren in the new Star Wars movie?,Who plays Kylo Ren in the new Star Wars movie?,Who plays Kylo Ren in the new Star wars movie for kids?
How long can a wolf live?,How long can a wolf live?,How long can a wolf live?,How long can a wolf live for kids,How long can a wolf live?,How long can a wolf live?,How long can a wolf live for kids
What is the ame of the song with the lyrics ? Now watch me whip watch me nay nay!,What is the name of the song with the lyrics Now watch me whip watch me nay nay?,What is the name of the song with the words Now watch me whip watch me nay nay?,What song has the words Now watch me whip watch me nay nay? for kids,What is the name of the song with the lyrics Now watch me whip watch me nay nay?,What is the name of the song with the lyrics? Now watch me whip watch me nay nay!,What is the ame of the song with the lyrics ? Now watch me whip watch me nay nay! for kids
start wars,Star Wars,Star Wars,Star Wars for kids,Star Wars,start wars,start wars for kids
When does summer break start?,When does summer break start?,When does summer break start?,When does summer break start for kids,When does summer break start?,When does summer break start?,When does summer break start for kids
What was the best video game at 2015?,What was the best video game in 2015?,What was the best video game in 2015?,What was the best video game in 2015 for kids?,What was the best video game in 2015?,What was the best video game in 2015?,What was the best video game at 2015 for kids?
What is the capitol of New York?,What is the capital of New York?,What is the capital of New York?,What is the capital of New York? for kids,What is the capital of New York?,What is the capital of New York?,What is the capitol of New York? for kids
Who plays the bad guy in Star Wars the Horde awakends?,Who plays the bad guy in Star Wars: The Force Awakens?,Who plays the bad guy in Star Wars: The Force Awakens?,Who plays the bad guy in Star Wars: The Force Awakens? for kids,Who plays the bad guy in Star Wars: The Force Awakens?,Who plays the bad guy in Star Wars the Horde awakends?,Who plays the bad guy in Star Wars the Horde awakends for kids?
What is a fox's favorite kind of food?,What is a fox's favorite kind of food?,What is a fox's favorite kind of food?,What is a fox's favorite kind of food for kids?,What is a fox's favorite kind of food?,What is a fox's favorite kind of food?,What is a fox's favorite kind of food for kids?
"Show me the movie called ""The Martian""","Show me the movie called ""The Martian""","Show me the movie called ""The Martian""","Show me the movie called ""The Martian"" for kids","Show me the movie called ""The Martian""","Show me the movie called ""The Martian""","Show me the movie called ""The Martian"" for kids"
What is the biggest rock found on Mars?,What is the biggest rock found on Mars?,What is the biggest rock found on Mars?,What is the biggest rock found on Mars for kids?,What is the biggest rock found on Mars?,What is the biggest rock found on Mars?,What is the biggest rock found on Mars for kids?
What is the top game this week?,What is the top game this week?,What is the top game this week?,What is the top game this week for kids?,What is the top game this week?,What is the top game this week?,What is the top game this week for kids?
